{
  "0": 0.3005865519145698,
  "1": 0.22894943573634494,
  "2": 0.22672573991964073,
  "3": 0.22822616922053643,
  "4": 0.22722416037303872,
  "5": 0.2190905895891293,
  "6": 0.22818152336631556,
  "7": 0.2302142662168893,
  "8": 0.22086918928891294,
  "9": 0.21962484302960705,
  "10": 0.170086268013108,
  "11": 0.21847059589628517,
  "12": 0.23356927640347377,
  "13": 0.17552695671616544,
  "14": 0.23039610083766507,
  "15": 0.2235974534615618,
  "16": 0.22709270476466326,
  "17": 0.23772727350145628,
  "18": 0.21834586370118805,
  "19": 0.20811074137960575,
  "20": 0.22999381715940095,
  "21": 0.23260025314545604,
  "22": 0.23024628647341935,
  "23": 0.22592218642685533,
  "24": 0.22163100761655344,
  "25": 0.22987849503215674,
  "26": 0.22176425095068494,
  "27": 0.21675707103888942,
  "28": 0.22228650892575344,
  "29": 0.2197800823245285,
  "30": 0.2203072295270613,
  "31": 0.2275451206888136,
  "32": 0.22736076837319905,
  "33": 0.23116610989670072,
  "34": 0.23445720019335178,
  "35": 0.21871541478582593,
  "36": 0.22514952899153182,
  "37": 0.22568935805038284,
  "38": 0.2196643463684342,
  "39": 0.218576526733274,
  "40": 0.21591230292794084,
  "41": 0.22633171485020073,
  "42": 0.22615450671471424,
  "43": 0.2288773250912952,
  "44": 0.22548046025693871,
  "45": 0.23210465760572485,
  "46": 0.22617888708504322,
  "47": 0.22264208505198194,
  "48": 0.21629712478597019,
  "49": 0.2286467294671081,
  "50": 0.2246716353088891,
  "51": 0.22669038860689383,
  "52": 0.22686314502409985,
  "53": 0.22996597269593813,
  "54": 0.22658639661287447,
  "55": 0.23033632307391672,
  "56": 0.22653387140896142,
  "57": 0.2307054916998658,
  "58": 0.22844607716493956,
  "59": 0.22396060027666465,
  "60": 0.23611864836346322,
  "61": 0.22879895407147796,
  "62": 0.22893095434289387,
  "63": 0.22774925611802507,
  "64": 0.23312872559250233,
  "65": 0.22971150151057249,
  "66": 0.22147235694705572,
  "67": 0.23071874231310427,
  "68": 0.22146173732041308,
  "69": 0.2260065947385503,
  "70": 0.22786779152593964,
  "71": 0.226425760769608,
  "72": 0.22435506913647763,
  "73": 0.23409367234485365,
  "74": 0.22264869463266435,
  "75": 0.22270128620753402,
  "76": 0.2244306835170573,
  "77": 0.2323263576779008,
  "78": 0.22343824816015903,
  "79": 0.23221494272601895,
  "80": 0.22004351575697825,
  "81": 0.23582652126452053,
  "82": 0.22930503576441444,
  "83": 0.22597021557823146,
  "84": 0.22648489221718301,
  "85": 0.22143511407137187,
  "86": 0.22216971580903436,
  "87": 0.2226786747400689,
  "88": 0.224501115607997,
  "89": 0.220321402622904,
  "90": 0.22269727847422452,
  "91": 0.22834219569801695,
  "92": 0.2230266015665686,
  "93": 0.22297971297730457,
  "94": 0.23079129310005522,
  "95": 0.227856367995818,
  "96": 0.22431123278573364,
  "97": 0.22319289171307796,
  "98": 0.22998852309563175,
  "99": 0.22599882416621153,
  "100": 0.22307365576957425,
  "101": 0.22109012912383405,
  "102": 0.2223564227788595,
  "103": 0.22267398747722844,
  "104": 0.22098730900306915,
  "105": 0.2226940310879764,
  "106": 0.21956907608647994,
  "107": 0.22147709550205674,
  "108": 0.22822222991809307,
  "109": 0.22866762944290134,
  "110": 0.22304172800153674,
  "111": 0.22423856658146982,
  "112": 0.2212553588558509,
  "113": 0.22969218725642268,
  "114": 0.22824850044748632,
  "115": 0.23020749102765325,
  "116": 0.21294587300444381,
  "117": 0.22598633695746376,
  "118": 0.22874731213218472,
  "119": 0.2233100907035012,
  "120": 0.22856955019093972,
  "121": 0.22825425309308756,
  "122": 0.21263617708753332,
  "123": 0.217696867720556,
  "124": 0.23086194201902932,
  "125": 0.21009790489489458,
  "126": 0.22769732138006704,
  "127": 0.22740335299371064,
  "128": 0.22978730103706532,
  "129": 0.22435732020210117,
  "130": 0.22346329964540626,
  "131": 0.22583542508700838,
  "132": 0.22197061867900195,
  "133": 0.21409563017108982,
  "134": 0.22005345189973502,
  "135": 0.22152137967274999,
  "136": 0.21069781883880542,
  "137": 0.22333407961515692,
  "138": 0.20930550002822104,
  "139": 0.22114521495409403,
  "140": 0.22085667841339193,
  "141": 0.22385681375181635,
  "142": 0.22535312253876016,
  "143": 0.22963771788671097,
  "144": 0.20896004976561855,
  "145": 0.2129694970747301,
  "146": 0.22384418813327914,
  "147": 0.2244996235923209,
  "148": 0.22663149976619876,
  "149": 0.23174873502563184,
  "150": 0.21322209445742082,
  "151": 0.21079635502241448,
  "152": 0.22601294201236125,
  "153": 0.22385477601757645,
  "154": 0.22256837422072587,
  "155": 0.2250888249358531,
  "156": 0.21499732409679742,
  "157": 0.22666982577652064,
  "158": 0.2173011991693292,
  "159": 0.23072923095335504,
  "160": 0.2222448013670789,
  "161": 0.2141030145567485,
  "162": 0.21650805885278387,
  "163": 0.21614748616291737,
  "164": 0.224502045293113,
  "165": 0.22149029062178358,
  "166": 0.21556101260999272,
  "167": 0.21781377838394944,
  "168": 0.21980081600115334,
  "169": 0.21663639384151076,
  "170": 0.22439974940884855,
  "171": 0.22436316944962417,
  "172": 0.214623769939734,
  "173": 0.22210222035310245,
  "174": 0.22445590885976152,
  "175": 0.22074215169487213,
  "176": 0.2239603220562106,
  "177": 0.2175491872565902,
  "178": 0.22797755472681094,
  "179": 0.22489947431666316,
  "180": 0.2239095468567306,
  "181": 0.20498777179483227,
  "182": 0.2179957796058807,
  "183": 0.22224514497382333,
  "184": 0.2294611006103637,
  "185": 0.21897245504722052,
  "186": 0.22991520916111008,
  "187": 0.21232623639335105,
  "188": 0.22238402602245477,
  "189": 0.23254113096001738,
  "190": 0.2249750150866261,
  "191": 0.22839291312541884,
  "192": 0.2195235442823321,
  "193": 0.22843390042731104,
  "194": 0.21769015108806047,
  "195": 0.24758051677975565,
  "196": 0.2294882518019271,
  "197": 0.2207968563541801,
  "198": 0.22461917106074555,
  "199": 0.22276407202683482,
  "200": 0.21819498451009797,
  "201": 0.22231980633069437,
  "202": 0.20970915933019432,
  "203": 0.22523656167156547,
  "204": 0.22836680802054124,
  "205": 0.2156500804066274,
  "206": 0.22758433376037845,
  "207": 0.22028096350228413,
  "208": 0.238505054484503,
  "209": 0.21660513612657228,
  "210": 0.22738172461491904,
  "211": 0.22649860398374644,
  "212": 0.22194371506098676,
  "213": 0.21017504799127726,
  "214": 0.2163896476076198,
  "215": 0.21882324975647624,
  "216": 0.2155111215887613,
  "217": 0.21244426212573533,
  "218": 0.2227190930628444,
  "219": 0.2212594384787114,
  "220": 0.2095216766800276,
  "221": 0.23136397585992097,
  "222": 0.2329608705105122,
  "223": 0.2324259487670157,
  "224": 0.2177260706236541,
  "225": 0.22178571047262005,
  "226": 0.21533492119333267,
  "227": 0.22309844913615987,
  "228": 0.22425549095091,
  "229": 0.228541901080632,
  "230": 0.22015516494720408,
  "231": 0.2167871866052987,
  "232": 0.21986571697867033,
  "233": 0.22841665054509286,
  "234": 0.23747602269113957,
  "235": 0.2271923321965237,
  "236": 0.221598288349551,
  "237": 0.23274302538589012,
  "238": 0.21948480271141038,
  "239": 0.21212235968878648,
  "240": 0.23404076107929772,
  "241": 0.21908008776900414,
  "242": 0.22528784965920035,
  "243": 0.20909269591850566,
  "244": 0.21664700217034427,
  "245": 0.22405561580931288,
  "246": 0.21492880946229845,
  "247": 0.21687178378336566,
  "248": 0.24771777464518044,
  "249": 0.22803038898180036,
  "250": 0.22064154321886878,
  "251": 0.21972814628636295,
  "252": 0.2186790664634555,
  "253": 0.23489441837117786,
  "254": 0.2251529463851053,
  "255": 0.22449584511495801,
  "256": 0.23004346245990645,
  "257": 0.22923073728309454,
  "258": 0.2401804229640813,
  "259": 0.22220798535925915,
  "260": 0.2234940471196948,
  "261": 0.22289556393153157,
  "262": 0.23067516816928815,
  "263": 0.2257143764156625,
  "264": 0.22321285008884909,
  "265": 0.22666980240565462,
  "266": 0.22931201412786273,
  "267": 0.2280807089479244,
  "268": 0.22276176156882233,
  "269": 0.2223770223217809,
  "270": 0.2233372396470322,
  "271": 0.22660649272828473,
  "272": 0.2351116208394487,